comune,canale,sforzo,titolo,passi,nota,da_verificare
Napoli,raccolta_ordinaria,1,Lo butti da casa,Mettilo nel contenitore o nel sacco del colore giusto | Esponilo nei giorni e negli orari del calendario della tua zona,Il calendario cambia da municipalità a municipalità.,orari e calendario per municipalità
Napoli,ritiro_domicilio,2,Lo ritirano a casa tua,Chiama il numero verde di ASIA e chiedi il ritiro ingombranti | Ti danno un giorno | La sera prima lascialo sul marciapiede davanti al portone,"Il servizio è gratuito. Non lasciarlo in strada senza aver prenotato: senza appuntamento è abbandono di rifiuti, ed è sanzionabile.",numero verde e giorni di servizio
Napoli,contenitore_dedicato,3,Lo porti a un contenitore apposito,Cerca il contenitore giusto: farmaci in farmacia, pile dal tabaccaio o al supermercato, abiti nei cassonetti gialli in strada | Buttalo lì dentro,"Sono contenitori piccoli e sparsi: quello degli abiti sta in strada, gli altri dentro negozi e farmacie.",elenco dei punti per municipalità
Napoli,raccolta_itinerante,4,Lo porti a un mezzo che passa in giorni fissi,Guarda sul sito di ASIA il calendario degli ecopunti della tua municipalità | Portalo lì nel giorno e nell'orario indicati,"L'ecopunto non è un posto fisso: è un mezzo che sosta in una piazza per qualche ora. Se sbagli giorno non trovi nessuno.",calendario e piazze degli ecopunti
Napoli,centro_raccolta,5,Lo porti tu all'isola ecologica,Porta un documento d'identità | Vai all'isola ecologica della tua zona negli orari di apertura | Consegnalo agli operatori,"Le isole ecologiche sono di due tipi: quella estesa accetta più tipologie della ridotta. Il conferimento è gratuito per i privati, entro i limiti di quantità previsti.",indirizzi e orari delle isole ecologiche
Torino,raccolta_ordinaria,1,Lo butti da casa,Mettilo nel cassonetto del colore giusto,I cassonetti sono in strada e sempre disponibili.,
Torino,ritiro_domicilio,2,Lo ritirano a casa tua,Prenota il ritiro ingombranti sul sito di AMIAT o per telefono | Ti danno un giorno | La sera prima lascialo sul marciapiede,"Il servizio è gratuito entro un certo numero di pezzi. Senza prenotazione è abbandono di rifiuti, ed è sanzionabile.",numero di pezzi gratuiti e recapiti
Torino,contenitore_dedicato,3,Lo porti a un contenitore apposito,"Cerca il contenitore giusto: farmaci in farmacia, pile dal tabaccaio o al supermercato, abiti nei cassonetti in strada, olio esausto nei punti attrezzati | Buttalo lì dentro","L'olio va portato in una bottiglia chiusa, non versato direttamente.",elenco dei punti di raccolta olio
Torino,centro_raccolta,5,Lo porti tu a un centro di raccolta,Porta un documento d'identità | Vai al centro di raccolta della tua zona negli orari di apertura | Consegnalo agli operatori,Il conferimento è gratuito per i residenti entro i limiti di quantità previsti.,indirizzi e orari dei centri di raccolta
